Condition,Block,TaskObject1,TaskObject2,TaskObject3,TaskObject4,TaskObject5,BLOCK_NAME,MEAN_DUR,PREDICTABILITY,IS_CATCH,BEEP_WAV_INDEX,ACTUAL_SEQ_DUR,N_BEEPS,ISIS_MEAN,ISIS_STD,PRACTICE
1,0,fix(0.3),"fix(0.3,[0 255 0])","snd(wavs/beep_train_0001.wav,0.70)","snd(wavs/catch_tone.wav,0.80)",bmp(catch_flash.bmp),practice,4.0,1.0,0,1,3.38,10,0.32,0.0,1
2,0,fix(0.3),"fix(0.3,[0 255 0])","snd(wavs/beep_train_0002.wav,0.70)","snd(wavs/catch_tone.wav,0.80)",bmp(catch_flash.bmp),practice,4.0,0.5,0,2,2.6359,8,0.3194,0.0357,1
3,0,fix(0.3),"fix(0.3,[0 255 0])","snd(wavs/beep_train_0003.wav,0.70)","snd(wavs/catch_tone.wav,0.80)",bmp(catch_flash.bmp),practice,4.0,0.75,0,3,2.6854,8,0.3265,0.0159,1
4,0,fix(0.3),"fix(0.3,[0 255 0])","snd(wavs/beep_train_0004.wav,0.70)","snd(wavs/catch_tone.wav,0.80)",bmp(catch_flash.bmp),practice,4.0,0.25,0,4,2.7356,9,0.2857,0.0496,1
5,0,fix(0.3),"fix(0.3,[0 255 0])","snd(wavs/beep_train_0005.wav,0.70)","snd(wavs/catch_tone.wav,0.80)",bmp(catch_flash.bmp),practice,4.0,0.0,0,5,2.5324,8,0.3046,0.0631,1
6,1,fix(0.3),"fix(0.3,[0 255 0])","snd(wavs/beep_train_0006.wav,0.70)","snd(wavs/catch_tone.wav,0.80)",bmp(catch_flash.bmp),short,2.0,1.0,0,6,1.4,6,0.22,0.0,0
7,1,fix(0.3),"fix(0.3,[0 255 0])","snd(wavs/beep_train_0007.wav,0.70)","snd(wavs/catch_tone.wav,0.80)",bmp(catch_flash.bmp),short,2.0,0.0,0,7,1.8899,7,0.2567,0.0753,0
8,1,fix(0.3),"fix(0.3,[0 255 0])","snd(wavs/beep_train_0008.wav,0.70)","snd(wavs/catch_tone.wav,0.80)",bmp(catch_flash.bmp),short,2.0,1.0,0,8,0.86,4,0.22,0.0,0
9,1,fix(0.3),"fix(0.3,[0 255 0])","snd(wavs/beep_train_0009.wav,0.70)","snd(wavs/catch_tone.wav,0.80)",bmp(catch_flash.bmp),short,2.0,0.25,0,9,1.8643,7,0.2524,0.0496,0
10,1,fix(0.3),"fix(0.3,[0 255 0])","snd(wavs/beep_train_0010.wav,0.70)","snd(wavs/catch_tone.wav,0.80)",bmp(catch_flash.bmp),short,2.0,0.5,0,10,1.91,8,0.2157,0.0487,0
11,1,fix(0.3),"fix(0.3,[0 255 0])","snd(wavs/beep_train_0011.wav,0.70)","snd(wavs/catch_tone.wav,0.80)",bmp(catch_flash.bmp),short,2.0,0.5,0,11,0.6785,4,0.1595,0.0084,0
12,1,fix(0.3),"fix(0.3,[0 255 0])","snd(wavs/beep_train_0012.wav,0.70)","snd(wavs/catch_tone.wav,0.80)",bmp(catch_flash.bmp),short,2.0,0.0,0,12,0.9096,4,0.2365,0.036,0
13,1,fix(0.3),"fix(0.3,[0 255 0])","snd(wavs/beep_train_0013.wav,0.70)","snd(wavs/catch_tone.wav,0.80)",bmp(catch_flash.bmp),short,2.0,0.5,0,13,1.051,5,0.2003,0.0205,0
14,1,fix(0.3),"fix(0.3,[0 255 0])","snd(wavs/beep_train_0014.wav,0.70)","snd(wavs/catch_tone.wav,0.80)",bmp(catch_flash.bmp),short,2.0,1.0,0,14,0.86,4,0.22,0.0,0
15,1,fix(0.3),"fix(0.3,[0 255 0])","snd(wavs/beep_train_0015.wav,0.70)","snd(wavs/catch_tone.wav,0.80)",bmp(catch_flash.bmp),short,2.0,0.25,0,15,2.1523,9,0.2128,0.0463,0
16,1,fix(0.3),"fix(0.3,[0 255 0])","snd(wavs/beep_train_0016.wav,0.70)","snd(wavs/catch_tone.wav,0.80)",bmp(catch_flash.bmp),short,2.0,0.5,0,16,1.2572,5,0.2518,0.039,0
17,1,fix(0.3),"fix(0.3,[0 255 0])","snd(wavs/beep_train_0017.wav,0.70)","snd(wavs/catch_tone.wav,0.80)",bmp(catch_flash.bmp),short,2.0,0.25,1,17,2.4306,10,0.2145,0.0758,0
18,1,fix(0.3),"fix(0.3,[0 255 0])","snd(wavs/beep_train_0018.wav,0.70)","snd(wavs/catch_tone.wav,0.80)",bmp(catch_flash.bmp),short,2.0,0.75,0,18,2.2364,9,0.2233,0.0136,0
19,1,fix(0.3),"fix(0.3,[0 255 0])","snd(wavs/beep_train_0019.wav,0.70)","snd(wavs/catch_tone.wav,0.80)",bmp(catch_flash.bmp),short,2.0,1.0,0,19,0.86,4,0.22,0.0,0
20,1,fix(0.3),"fix(0.3,[0 255 0])","snd(wavs/beep_train_0020.wav,0.70)","snd(wavs/catch_tone.wav,0.80)",bmp(catch_flash.bmp),short,2.0,1.0,0,20,1.67,7,0.22,0.0,0
21,1,fix(0.3),"fix(0.3,[0 255 0])","snd(wavs/beep_train_0021.wav,0.70)","snd(wavs/catch_tone.wav,0.80)",bmp(catch_flash.bmp),short,2.0,0.75,0,21,2.4473,10,0.2164,0.0168,0
22,1,fix(0.3),"fix(0.3,[0 255 0])","snd(wavs/beep_train_0022.wav,0.70)","snd(wavs/catch_tone.wav,0.80)",bmp(catch_flash.bmp),short,2.0,0.25,0,22,1.7446,7,0.2324,0.0836,0
23,1,fix(0.3),"fix(0.3,[0 255 0])","snd(wavs/beep_train_0023.wav,0.70)","snd(wavs/catch_tone.wav,0.80)",bmp(catch_flash.bmp),short,2.0,0.25,0,23,1.2207,6,0.1841,0.0704,0
24,1,fix(0.3),"fix(0.3,[0 255 0])","snd(wavs/beep_train_0024.wav,0.70)","snd(wavs/catch_tone.wav,0.80)",bmp(catch_flash.bmp),short,2.0,0.75,0,24,1.6743,7,0.2207,0.0201,0
25,1,fix(0.3),"fix(0.3,[0 255 0])","snd(wavs/beep_train_0025.wav,0.70)","snd(wavs/catch_tone.wav,0.80)",bmp(catch_flash.bmp),short,2.0,0.0,0,25,1.5252,7,0.1959,0.0987,0
26,1,fix(0.3),"fix(0.3,[0 255 0])","snd(wavs/beep_train_0026.wav,0.70)","snd(wavs/catch_tone.wav,0.80)",bmp(catch_flash.bmp),short,2.0,0.0,0,26,2.0685,8,0.2384,0.0689,0
27,1,fix(0.3),"fix(0.3,[0 255 0])","snd(wavs/beep_train_0027.wav,0.70)","snd(wavs/catch_tone.wav,0.80)",bmp(catch_flash.bmp),short,2.0,0.25,0,27,0.8248,4,0.2083,0.0283,0
28,1,fix(0.3),"fix(0.3,[0 255 0])","snd(wavs/beep_train_0028.wav,0.70)","snd(wavs/catch_tone.wav,0.80)",bmp(catch_flash.bmp),short,2.0,0.5,0,28,1.3635,6,0.2127,0.019,0
29,1,fix(0.3),"fix(0.3,[0 255 0])","snd(wavs/beep_train_0029.wav,0.70)","snd(wavs/catch_tone.wav,0.80)",bmp(catch_flash.bmp),short,2.0,0.75,0,29,2.324,9,0.2342,0.0153,0
30,1,fix(0.3),"fix(0.3,[0 255 0])","snd(wavs/beep_train_0030.wav,0.70)","snd(wavs/catch_tone.wav,0.80)",bmp(catch_flash.bmp),short,2.0,0.75,0,30,0.8066,4,0.2022,0.005,0
31,1,fix(0.3),"fix(0.3,[0 255 0])","snd(wavs/beep_train_0031.wav,0.70)","snd(wavs/catch_tone.wav,0.80)",bmp(catch_flash.bmp),short,2.0,0.0,1,31,0.748,4,0.1827,0.0548,0
32,1,fix(0.3),"fix(0.3,[0 255 0])","snd(wavs/beep_train_0032.wav,0.70)","snd(wavs/catch_tone.wav,0.80)",bmp(catch_flash.bmp),short,2.0,0.25,0,32,1.7266,8,0.1895,0.0633,0
33,1,fix(0.3),"fix(0.3,[0 255 0])","snd(wavs/beep_train_0033.wav,0.70)","snd(wavs/catch_tone.wav,0.80)",bmp(catch_flash.bmp),short,2.0,0.75,0,33,1.6623,7,0.2187,0.0207,0
34,1,fix(0.3),"fix(0.3,[0 255 0])","snd(wavs/beep_train_0034.wav,0.70)","snd(wavs/catch_tone.wav,0.80)",bmp(catch_flash.bmp),short,2.0,1.0,0,34,0.86,4,0.22,0.0,0
35,1,fix(0.3),"fix(0.3,[0 255 0])","snd(wavs/beep_train_0035.wav,0.70)","snd(wavs/catch_tone.wav,0.80)",bmp(catch_flash.bmp),short,2.0,0.5,0,35,1.7939,7,0.2406,0.0293,0
36,1,fix(0.3),"fix(0.3,[0 255 0])","snd(wavs/beep_train_0036.wav,0.70)","snd(wavs/catch_tone.wav,0.80)",bmp(catch_flash.bmp),short,2.0,1.0,0,36,1.67,7,0.22,0.0,0
37,1,fix(0.3),"fix(0.3,[0 255 0])","snd(wavs/beep_train_0037.wav,0.70)","snd(wavs/catch_tone.wav,0.80)",bmp(catch_flash.bmp),short,2.0,0.25,0,37,0.7449,4,0.1816,0.0644,0
38,1,fix(0.3),"fix(0.3,[0 255 0])","snd(wavs/beep_train_0038.wav,0.70)","snd(wavs/catch_tone.wav,0.80)",bmp(catch_flash.bmp),short,2.0,0.25,0,38,3.1825,12,0.2348,0.0695,0
39,1,fix(0.3),"fix(0.3,[0 255 0])","snd(wavs/beep_train_0039.wav,0.70)","snd(wavs/catch_tone.wav,0.80)",bmp(catch_flash.bmp),short,2.0,0.75,0,39,2.4676,10,0.2186,0.0241,0
40,1,fix(0.3),"fix(0.3,[0 255 0])","snd(wavs/beep_train_0040.wav,0.70)","snd(wavs/catch_tone.wav,0.80)",bmp(catch_flash.bmp),short,2.0,0.75,0,40,1.1017,5,0.2129,0.0179,0
41,1,fix(0.3),"fix(0.3,[0 255 0])","snd(wavs/beep_train_0041.wav,0.70)","snd(wavs/catch_tone.wav,0.80)",bmp(catch_flash.bmp),short,2.0,1.0,0,41,2.21,9,0.22,0.0,0
42,1,fix(0.3),"fix(0.3,[0 255 0])","snd(wavs/beep_train_0042.wav,0.70)","snd(wavs/catch_tone.wav,0.80)",bmp(catch_flash.bmp),short,2.0,0.0,0,42,1.457,8,0.151,0.0617,0
43,1,fix(0.3),"fix(0.3,[0 255 0])","snd(wavs/beep_train_0043.wav,0.70)","snd(wavs/catch_tone.wav,0.80)",bmp(catch_flash.bmp),short,2.0,0.25,1,43,2.0448,8,0.235,0.0492,0
44,1,fix(0.3),"fix(0.3,[0 255 0])","snd(wavs/beep_train_0044.wav,0.70)","snd(wavs/catch_tone.wav,0.80)",bmp(catch_flash.bmp),short,2.0,1.0,0,44,1.67,7,0.22,0.0,0
45,1,fix(0.3),"fix(0.3,[0 255 0])","snd(wavs/beep_train_0045.wav,0.70)","snd(wavs/catch_tone.wav,0.80)",bmp(catch_flash.bmp),short,2.0,0.75,0,45,1.3164,6,0.2033,0.0262,0
46,1,fix(0.3),"fix(0.3,[0 255 0])","snd(wavs/beep_train_0046.wav,0.70)","snd(wavs/catch_tone.wav,0.80)",bmp(catch_flash.bmp),short,2.0,0.0,0,46,0.577,4,0.1257,0.0427,0
47,1,fix(0.3),"fix(0.3,[0 255 0])","snd(wavs/beep_train_0047.wav,0.70)","snd(wavs/catch_tone.wav,0.80)",bmp(catch_flash.bmp),short,2.0,0.75,0,47,1.0913,5,0.2103,0.0256,0
48,1,fix(0.3),"fix(0.3,[0 255 0])","snd(wavs/beep_train_0048.wav,0.70)","snd(wavs/catch_tone.wav,0.80)",bmp(catch_flash.bmp),short,2.0,0.25,0,48,1.6027,7,0.2088,0.0656,0
49,1,fix(0.3),"fix(0.3,[0 255 0])","snd(wavs/beep_train_0049.wav,0.70)","snd(wavs/catch_tone.wav,0.80)",bmp(catch_flash.bmp),short,2.0,0.75,0,49,0.8275,4,0.2092,0.0301,0
50,1,fix(0.3),"fix(0.3,[0 255 0])","snd(wavs/beep_train_0050.wav,0.70)","snd(wavs/catch_tone.wav,0.80)",bmp(catch_flash.bmp),short,2.0,0.5,0,50,0.8497,4,0.2166,0.0252,0
51,1,fix(0.3),"fix(0.3,[0 255 0])","snd(wavs/beep_train_0051.wav,0.70)","snd(wavs/catch_tone.wav,0.80)",bmp(catch_flash.bmp),short,2.0,0.0,0,51,0.9006,4,0.2335,0.086,0
52,1,fix(0.3),"fix(0.3,[0 255 0])","snd(wavs/beep_train_0052.wav,0.70)","snd(wavs/catch_tone.wav,0.80)",bmp(catch_flash.bmp),short,2.0,0.0,0,52,2.1614,11,0.1611,0.0722,0
53,1,fix(0.3),"fix(0.3,[0 255 0])","snd(wavs/beep_train_0053.wav,0.70)","snd(wavs/catch_tone.wav,0.80)",bmp(catch_flash.bmp),short,2.0,0.0,0,53,1.2395,5,0.2474,0.0891,0
54,1,fix(0.3),"fix(0.3,[0 255 0])","snd(wavs/beep_train_0054.wav,0.70)","snd(wavs/catch_tone.wav,0.80)",bmp(catch_flash.bmp),short,2.0,1.0,0,54,0.86,4,0.22,0.0,0
55,1,fix(0.3),"fix(0.3,[0 255 0])","snd(wavs/beep_train_0055.wav,0.70)","snd(wavs/catch_tone.wav,0.80)",bmp(catch_flash.bmp),short,2.0,1.0,0,55,1.4,6,0.22,0.0,0
56,1,fix(0.3),"fix(0.3,[0 255 0])","snd(wavs/beep_train_0056.wav,0.70)","snd(wavs/catch_tone.wav,0.80)",bmp(catch_flash.bmp),short,2.0,0.5,0,56,2.0157,8,0.2308,0.0438,0
57,1,fix(0.3),"fix(0.3,[0 255 0])","snd(wavs/beep_train_0057.wav,0.70)","snd(wavs/catch_tone.wav,0.80)",bmp(catch_flash.bmp),short,2.0,1.0,0,57,1.13,5,0.22,0.0,0
58,1,fix(0.3),"fix(0.3,[0 255 0])","snd(wavs/beep_train_0058.wav,0.70)","snd(wavs/catch_tone.wav,0.80)",bmp(catch_flash.bmp),short,2.0,0.5,0,58,2.8571,11,0.2307,0.0511,0
59,1,fix(0.3),"fix(0.3,[0 255 0])","snd(wavs/beep_train_0059.wav,0.70)","snd(wavs/catch_tone.wav,0.80)",bmp(catch_flash.bmp),short,2.0,0.5,0,59,2.1032,9,0.2066,0.0392,0
60,1,fix(0.3),"fix(0.3,[0 255 0])","snd(wavs/beep_train_0060.wav,0.70)","snd(wavs/catch_tone.wav,0.80)",bmp(catch_flash.bmp),short,2.0,0.5,0,60,1.0243,5,0.1936,0.0283,0
61,1,fix(0.3),"fix(0.3,[0 255 0])","snd(wavs/beep_train_0061.wav,0.70)","snd(wavs/catch_tone.wav,0.80)",bmp(catch_flash.bmp),short,2.0,0.75,0,61,1.5508,6,0.2502,0.0061,0
62,1,fix(0.3),"fix(0.3,[0 255 0])","snd(wavs/beep_train_0062.wav,0.70)","snd(wavs/catch_tone.wav,0.80)",bmp(catch_flash.bmp),short,2.0,0.0,0,62,0.8779,4,0.226,0.094,0
63,1,fix(0.3),"fix(0.3,[0 255 0])","snd(wavs/beep_train_0063.wav,0.70)","snd(wavs/catch_tone.wav,0.80)",bmp(catch_flash.bmp),short,2.0,0.0,0,63,1.0722,5,0.2055,0.0505,0
64,1,fix(0.3),"fix(0.3,[0 255 0])","snd(wavs/beep_train_0064.wav,0.70)","snd(wavs/catch_tone.wav,0.80)",bmp(catch_flash.bmp),short,2.0,0.25,0,64,1.3221,6,0.2044,0.0517,0
65,1,fix(0.3),"fix(0.3,[0 255 0])","snd(wavs/beep_train_0065.wav,0.70)","snd(wavs/catch_tone.wav,0.80)",bmp(catch_flash.bmp),short,2.0,0.5,0,65,1.7862,7,0.2394,0.0404,0
66,2,fix(0.3),"fix(0.3,[0 255 0])","snd(wavs/beep_train_0066.wav,0.70)","snd(wavs/catch_tone.wav,0.80)",bmp(catch_flash.bmp),medium,5.0,1.0,0,66,4.78,12,0.38,0.0,0
67,2,fix(0.3),"fix(0.3,[0 255 0])","snd(wavs/beep_train_0067.wav,0.70)","snd(wavs/catch_tone.wav,0.80)",bmp(catch_flash.bmp),medium,5.0,0.0,0,67,6.7037,15,0.4253,0.0667,0
68,2,fix(0.3),"fix(0.3,[0 255 0])","snd(wavs/beep_train_0068.wav,0.70)","snd(wavs/catch_tone.wav,0.80)",bmp(catch_flash.bmp),medium,5.0,0.5,0,68,3.0508,8,0.3787,0.037,0
69,2,fix(0.3),"fix(0.3,[0 255 0])","snd(wavs/beep_train_0069.wav,0.70)","snd(wavs/catch_tone.wav,0.80)",bmp(catch_flash.bmp),medium,5.0,0.5,0,69,2.6302,7,0.38,0.0468,0
70,2,fix(0.3),"fix(0.3,[0 255 0])","snd(wavs/beep_train_0070.wav,0.70)","snd(wavs/catch_tone.wav,0.80)",bmp(catch_flash.bmp),medium,5.0,0.25,0,70,3.1623,8,0.3946,0.0765,0
71,2,fix(0.3),"fix(0.3,[0 255 0])","snd(wavs/beep_train_0071.wav,0.70)","snd(wavs/catch_tone.wav,0.80)",bmp(catch_flash.bmp),medium,5.0,0.25,0,71,5.4699,13,0.4017,0.0609,0
72,2,fix(0.3),"fix(0.3,[0 255 0])","snd(wavs/beep_train_0072.wav,0.70)","snd(wavs/catch_tone.wav,0.80)",bmp(catch_flash.bmp),medium,5.0,0.5,0,72,4.4709,11,0.3921,0.039,0
73,2,fix(0.3),"fix(0.3,[0 255 0])","snd(wavs/beep_train_0073.wav,0.70)","snd(wavs/catch_tone.wav,0.80)",bmp(catch_flash.bmp),medium,5.0,0.25,0,73,3.9311,11,0.3381,0.0684,0
74,2,fix(0.3),"fix(0.3,[0 255 0])","snd(wavs/beep_train_0074.wav,0.70)","snd(wavs/catch_tone.wav,0.80)",bmp(catch_flash.bmp),medium,5.0,0.5,0,74,6.1466,15,0.3855,0.0376,0
75,2,fix(0.3),"fix(0.3,[0 255 0])","snd(wavs/beep_train_0075.wav,0.70)","snd(wavs/catch_tone.wav,0.80)",bmp(catch_flash.bmp),medium,5.0,0.75,0,75,2.9872,8,0.3696,0.0214,0
76,2,fix(0.3),"fix(0.3,[0 255 0])","snd(wavs/beep_train_0076.wav,0.70)","snd(wavs/catch_tone.wav,0.80)",bmp(catch_flash.bmp),medium,5.0,0.75,0,76,5.2966,13,0.3872,0.0196,0
77,2,fix(0.3),"fix(0.3,[0 255 0])","snd(wavs/beep_train_0077.wav,0.70)","snd(wavs/catch_tone.wav,0.80)",bmp(catch_flash.bmp),medium,5.0,0.75,0,77,5.1691,13,0.3766,0.0158,0
78,2,fix(0.3),"fix(0.3,[0 255 0])","snd(wavs/beep_train_0078.wav,0.70)","snd(wavs/catch_tone.wav,0.80)",bmp(catch_flash.bmp),medium,5.0,0.5,0,78,4.6785,12,0.3708,0.0516,0
79,2,fix(0.3),"fix(0.3,[0 255 0])","snd(wavs/beep_train_0079.wav,0.70)","snd(wavs/catch_tone.wav,0.80)",bmp(catch_flash.bmp),medium,5.0,0.0,0,79,2.6082,8,0.3155,0.0556,0
80,2,fix(0.3),"fix(0.3,[0 255 0])","snd(wavs/beep_train_0080.wav,0.70)","snd(wavs/catch_tone.wav,0.80)",bmp(catch_flash.bmp),medium,5.0,0.75,0,80,2.5527,7,0.3671,0.0123,0
81,2,fix(0.3),"fix(0.3,[0 255 0])","snd(wavs/beep_train_0081.wav,0.70)","snd(wavs/catch_tone.wav,0.80)",bmp(catch_flash.bmp),medium,5.0,0.5,0,81,2.9619,8,0.366,0.0528,0
82,2,fix(0.3),"fix(0.3,[0 255 0])","snd(wavs/beep_train_0082.wav,0.70)","snd(wavs/catch_tone.wav,0.80)",bmp(catch_flash.bmp),medium,5.0,1.0,0,82,4.78,12,0.38,0.0,0
83,2,fix(0.3),"fix(0.3,[0 255 0])","snd(wavs/beep_train_0083.wav,0.70)","snd(wavs/catch_tone.wav,0.80)",bmp(catch_flash.bmp),medium,5.0,0.0,1,83,4.988,12,0.3989,0.0594,0
84,2,fix(0.3),"fix(0.3,[0 255 0])","snd(wavs/beep_train_0084.wav,0.70)","snd(wavs/catch_tone.wav,0.80)",bmp(catch_flash.bmp),medium,5.0,1.0,0,84,4.35,11,0.38,0.0,0
85,2,fix(0.3),"fix(0.3,[0 255 0])","snd(wavs/beep_train_0085.wav,0.70)","snd(wavs/catch_tone.wav,0.80)",bmp(catch_flash.bmp),medium,5.0,1.0,0,85,4.78,12,0.38,0.0,0
86,2,fix(0.3),"fix(0.3,[0 255 0])","snd(wavs/beep_train_0086.wav,0.70)","snd(wavs/catch_tone.wav,0.80)",bmp(catch_flash.bmp),medium,5.0,0.25,0,86,6.199,15,0.3892,0.0651,0
87,2,fix(0.3),"fix(0.3,[0 255 0])","snd(wavs/beep_train_0087.wav,0.70)","snd(wavs/catch_tone.wav,0.80)",bmp(catch_flash.bmp),medium,5.0,0.5,0,87,6.148,15,0.3856,0.0383,0
88,2,fix(0.3),"fix(0.3,[0 255 0])","snd(wavs/beep_train_0088.wav,0.70)","snd(wavs/catch_tone.wav,0.80)",bmp(catch_flash.bmp),medium,5.0,0.5,0,88,5.9113,15,0.3687,0.0365,0
89,2,fix(0.3),"fix(0.3,[0 255 0])","snd(wavs/beep_train_0089.wav,0.70)","snd(wavs/catch_tone.wav,0.80)",bmp(catch_flash.bmp),medium,5.0,0.0,0,89,2.803,7,0.4088,0.0996,0
90,2,fix(0.3),"fix(0.3,[0 255 0])","snd(wavs/beep_train_0090.wav,0.70)","snd(wavs/catch_tone.wav,0.80)",bmp(catch_flash.bmp),medium,5.0,0.25,0,90,6.1307,15,0.3843,0.0804,0
91,2,fix(0.3),"fix(0.3,[0 255 0])","snd(wavs/beep_train_0091.wav,0.70)","snd(wavs/catch_tone.wav,0.80)",bmp(catch_flash.bmp),medium,5.0,0.0,0,91,2.7372,7,0.3979,0.0933,0
92,2,fix(0.3),"fix(0.3,[0 255 0])","snd(wavs/beep_train_0092.wav,0.70)","snd(wavs/catch_tone.wav,0.80)",bmp(catch_flash.bmp),medium,5.0,0.25,0,92,3.8428,9,0.4241,0.0689,0
93,2,fix(0.3),"fix(0.3,[0 255 0])","snd(wavs/beep_train_0093.wav,0.70)","snd(wavs/catch_tone.wav,0.80)",bmp(catch_flash.bmp),medium,5.0,1.0,0,93,7.36,18,0.38,0.0,0
94,2,fix(0.3),"fix(0.3,[0 255 0])","snd(wavs/beep_train_0094.wav,0.70)","snd(wavs/catch_tone.wav,0.80)",bmp(catch_flash.bmp),medium,5.0,0.0,0,94,2.7933,8,0.3419,0.1123,0
95,2,fix(0.3),"fix(0.3,[0 255 0])","snd(wavs/beep_train_0095.wav,0.70)","snd(wavs/catch_tone.wav,0.80)",bmp(catch_flash.bmp),medium,5.0,1.0,0,95,4.35,11,0.38,0.0,0
96,2,fix(0.3),"fix(0.3,[0 255 0])","snd(wavs/beep_train_0096.wav,0.70)","snd(wavs/catch_tone.wav,0.80)",bmp(catch_flash.bmp),medium,5.0,1.0,0,96,3.92,10,0.38,0.0,0
97,2,fix(0.3),"fix(0.3,[0 255 0])","snd(wavs/beep_train_0097.wav,0.70)","snd(wavs/catch_tone.wav,0.80)",bmp(catch_flash.bmp),medium,5.0,0.25,0,97,6.8123,17,0.3726,0.0594,0
98,2,fix(0.3),"fix(0.3,[0 255 0])","snd(wavs/beep_train_0098.wav,0.70)","snd(wavs/catch_tone.wav,0.80)",bmp(catch_flash.bmp),medium,5.0,0.75,0,98,6.6212,16,0.3881,0.0174,0
99,2,fix(0.3),"fix(0.3,[0 255 0])","snd(wavs/beep_train_0099.wav,0.70)","snd(wavs/catch_tone.wav,0.80)",bmp(catch_flash.bmp),medium,5.0,1.0,0,99,4.35,11,0.38,0.0,0
100,2,fix(0.3),"fix(0.3,[0 255 0])","snd(wavs/beep_train_0100.wav,0.70)","snd(wavs/catch_tone.wav,0.80)",bmp(catch_flash.bmp),medium,5.0,0.25,0,100,7.5259,19,0.3653,0.0557,0
101,2,fix(0.3),"fix(0.3,[0 255 0])","snd(wavs/beep_train_0101.wav,0.70)","snd(wavs/catch_tone.wav,0.80)",bmp(catch_flash.bmp),medium,5.0,0.5,0,101,3.7275,10,0.3586,0.0244,0
102,2,fix(0.3),"fix(0.3,[0 255 0])","snd(wavs/beep_train_0102.wav,0.70)","snd(wavs/catch_tone.wav,0.80)",bmp(catch_flash.bmp),medium,5.0,0.5,0,102,2.6449,7,0.3825,0.0377,0
103,2,fix(0.3),"fix(0.3,[0 255 0])","snd(wavs/beep_train_0103.wav,0.70)","snd(wavs/catch_tone.wav,0.80)",bmp(catch_flash.bmp),medium,5.0,0.25,0,103,4.9238,12,0.3931,0.0695,0
104,2,fix(0.3),"fix(0.3,[0 255 0])","snd(wavs/beep_train_0104.wav,0.70)","snd(wavs/catch_tone.wav,0.80)",bmp(catch_flash.bmp),medium,5.0,0.25,0,104,5.0169,12,0.4015,0.0706,0
105,2,fix(0.3),"fix(0.3,[0 255 0])","snd(wavs/beep_train_0105.wav,0.70)","snd(wavs/catch_tone.wav,0.80)",bmp(catch_flash.bmp),medium,5.0,0.0,0,105,3.3661,9,0.3645,0.0933,0
106,2,fix(0.3),"fix(0.3,[0 255 0])","snd(wavs/beep_train_0106.wav,0.70)","snd(wavs/catch_tone.wav,0.80)",bmp(catch_flash.bmp),medium,5.0,0.0,0,106,3.1672,8,0.3953,0.0904,0
107,2,fix(0.3),"fix(0.3,[0 255 0])","snd(wavs/beep_train_0107.wav,0.70)","snd(wavs/catch_tone.wav,0.80)",bmp(catch_flash.bmp),medium,5.0,1.0,0,107,3.06,8,0.38,0.0,0
108,2,fix(0.3),"fix(0.3,[0 255 0])","snd(wavs/beep_train_0108.wav,0.70)","snd(wavs/catch_tone.wav,0.80)",bmp(catch_flash.bmp),medium,5.0,1.0,0,108,3.06,8,0.38,0.0,0
109,2,fix(0.3),"fix(0.3,[0 255 0])","snd(wavs/beep_train_0109.wav,0.70)","snd(wavs/catch_tone.wav,0.80)",bmp(catch_flash.bmp),medium,5.0,0.5,1,109,4.1288,10,0.4032,0.036,0
110,2,fix(0.3),"fix(0.3,[0 255 0])","snd(wavs/beep_train_0110.wav,0.70)","snd(wavs/catch_tone.wav,0.80)",bmp(catch_flash.bmp),medium,5.0,0.75,0,110,5.6016,14,0.377,0.0214,0
111,2,fix(0.3),"fix(0.3,[0 255 0])","snd(wavs/beep_train_0111.wav,0.70)","snd(wavs/catch_tone.wav,0.80)",bmp(catch_flash.bmp),medium,5.0,0.0,0,111,4.0233,10,0.3915,0.0963,0
112,2,fix(0.3),"fix(0.3,[0 255 0])","snd(wavs/beep_train_0112.wav,0.70)","snd(wavs/catch_tone.wav,0.80)",bmp(catch_flash.bmp),medium,5.0,0.75,0,112,6.1892,15,0.3885,0.0205,0
113,2,fix(0.3),"fix(0.3,[0 255 0])","snd(wavs/beep_train_0113.wav,0.70)","snd(wavs/catch_tone.wav,0.80)",bmp(catch_flash.bmp),medium,5.0,0.75,0,113,5.6336,14,0.3795,0.0178,0
114,2,fix(0.3),"fix(0.3,[0 255 0])","snd(wavs/beep_train_0114.wav,0.70)","snd(wavs/catch_tone.wav,0.80)",bmp(catch_flash.bmp),medium,5.0,0.75,0,114,4.8743,12,0.3886,0.0231,0
115,2,fix(0.3),"fix(0.3,[0 255 0])","snd(wavs/beep_train_0115.wav,0.70)","snd(wavs/catch_tone.wav,0.80)",bmp(catch_flash.bmp),medium,5.0,0.75,0,115,3.4569,9,0.3759,0.0216,0
116,2,fix(0.3),"fix(0.3,[0 255 0])","snd(wavs/beep_train_0116.wav,0.70)","snd(wavs/catch_tone.wav,0.80)",bmp(catch_flash.bmp),medium,5.0,0.25,0,116,3.4998,9,0.3812,0.0774,0
117,2,fix(0.3),"fix(0.3,[0 255 0])","snd(wavs/beep_train_0117.wav,0.70)","snd(wavs/catch_tone.wav,0.80)",bmp(catch_flash.bmp),medium,5.0,0.0,0,117,6.6649,16,0.391,0.0781,0
118,2,fix(0.3),"fix(0.3,[0 255 0])","snd(wavs/beep_train_0118.wav,0.70)","snd(wavs/catch_tone.wav,0.80)",bmp(catch_flash.bmp),medium,5.0,0.0,0,118,5.3625,14,0.3587,0.1107,0
119,2,fix(0.3),"fix(0.3,[0 255 0])","snd(wavs/beep_train_0119.wav,0.70)","snd(wavs/catch_tone.wav,0.80)",bmp(catch_flash.bmp),medium,5.0,1.0,0,119,2.63,7,0.38,0.0,0
120,2,fix(0.3),"fix(0.3,[0 255 0])","snd(wavs/beep_train_0120.wav,0.70)","snd(wavs/catch_tone.wav,0.80)",bmp(catch_flash.bmp),medium,5.0,0.75,0,120,5.1525,13,0.3752,0.0205,0
121,2,fix(0.3),"fix(0.3,[0 255 0])","snd(wavs/beep_train_0121.wav,0.70)","snd(wavs/catch_tone.wav,0.80)",bmp(catch_flash.bmp),medium,5.0,1.0,0,121,5.64,14,0.38,0.0,0
122,2,fix(0.3),"fix(0.3,[0 255 0])","snd(wavs/beep_train_0122.wav,0.70)","snd(wavs/catch_tone.wav,0.80)",bmp(catch_flash.bmp),medium,5.0,0.25,0,122,5.1411,13,0.3743,0.0487,0
123,2,fix(0.3),"fix(0.3,[0 255 0])","snd(wavs/beep_train_0123.wav,0.70)","snd(wavs/catch_tone.wav,0.80)",bmp(catch_flash.bmp),medium,5.0,0.0,0,123,4.5615,11,0.4011,0.0732,0
124,2,fix(0.3),"fix(0.3,[0 255 0])","snd(wavs/beep_train_0124.wav,0.70)","snd(wavs/catch_tone.wav,0.80)",bmp(catch_flash.bmp),medium,5.0,0.5,0,124,2.4894,7,0.3566,0.0481,0
125,2,fix(0.3),"fix(0.3,[0 255 0])","snd(wavs/beep_train_0125.wav,0.70)","snd(wavs/catch_tone.wav,0.80)",bmp(catch_flash.bmp),medium,5.0,0.75,0,125,4.8376,12,0.3852,0.0189,0
126,3,fix(0.3),"fix(0.3,[0 255 0])","snd(wavs/beep_train_0126.wav,0.70)","snd(wavs/catch_tone.wav,0.80)",bmp(catch_flash.bmp),long,8.0,0.0,0,126,7.7731,15,0.5017,0.0793,0
127,3,fix(0.3),"fix(0.3,[0 255 0])","snd(wavs/beep_train_0127.wav,0.70)","snd(wavs/catch_tone.wav,0.80)",bmp(catch_flash.bmp),long,8.0,0.5,0,127,5.704,11,0.5154,0.0428,0
128,3,fix(0.3),"fix(0.3,[0 255 0])","snd(wavs/beep_train_0128.wav,0.70)","snd(wavs/catch_tone.wav,0.80)",bmp(catch_flash.bmp),long,8.0,1.0,0,128,4.45,9,0.5,0.0,0
129,3,fix(0.3),"fix(0.3,[0 255 0])","snd(wavs/beep_train_0129.wav,0.70)","snd(wavs/catch_tone.wav,0.80)",bmp(catch_flash.bmp),long,8.0,0.5,0,129,7.0406,14,0.4877,0.0438,0
130,3,fix(0.3),"fix(0.3,[0 255 0])","snd(wavs/beep_train_0130.wav,0.70)","snd(wavs/catch_tone.wav,0.80)",bmp(catch_flash.bmp),long,8.0,0.25,0,130,6.2811,13,0.4693,0.0533,0
131,3,fix(0.3),"fix(0.3,[0 255 0])","snd(wavs/beep_train_0131.wav,0.70)","snd(wavs/catch_tone.wav,0.80)",bmp(catch_flash.bmp),long,8.0,0.25,0,131,7.1372,14,0.4952,0.0667,0
132,3,fix(0.3),"fix(0.3,[0 255 0])","snd(wavs/beep_train_0132.wav,0.70)","snd(wavs/catch_tone.wav,0.80)",bmp(catch_flash.bmp),long,8.0,0.75,1,132,7.1839,14,0.4988,0.0252,0
133,3,fix(0.3),"fix(0.3,[0 255 0])","snd(wavs/beep_train_0133.wav,0.70)","snd(wavs/catch_tone.wav,0.80)",bmp(catch_flash.bmp),long,8.0,0.0,0,133,7.6292,14,0.533,0.0772,0
134,3,fix(0.3),"fix(0.3,[0 255 0])","snd(wavs/beep_train_0134.wav,0.70)","snd(wavs/catch_tone.wav,0.80)",bmp(catch_flash.bmp),long,8.0,0.75,0,134,4.897,10,0.4886,0.0153,0
135,3,fix(0.3),"fix(0.3,[0 255 0])","snd(wavs/beep_train_0135.wav,0.70)","snd(wavs/catch_tone.wav,0.80)",bmp(catch_flash.bmp),long,8.0,0.0,0,135,8.26,16,0.4973,0.0893,0
136,3,fix(0.3),"fix(0.3,[0 255 0])","snd(wavs/beep_train_0136.wav,0.70)","snd(wavs/catch_tone.wav,0.80)",bmp(catch_flash.bmp),long,8.0,0.5,0,136,7.9613,16,0.4774,0.0448,0
137,3,fix(0.3),"fix(0.3,[0 255 0])","snd(wavs/beep_train_0137.wav,0.70)","snd(wavs/catch_tone.wav,0.80)",bmp(catch_flash.bmp),long,8.0,0.25,0,137,5.4203,11,0.487,0.072,0
138,3,fix(0.3),"fix(0.3,[0 255 0])","snd(wavs/beep_train_0138.wav,0.70)","snd(wavs/catch_tone.wav,0.80)",bmp(catch_flash.bmp),long,8.0,0.25,0,138,7.6943,14,0.538,0.061,0
139,3,fix(0.3),"fix(0.3,[0 255 0])","snd(wavs/beep_train_0139.wav,0.70)","snd(wavs/catch_tone.wav,0.80)",bmp(catch_flash.bmp),long,8.0,0.75,0,139,3.8953,8,0.4993,0.0242,0
140,3,fix(0.3),"fix(0.3,[0 255 0])","snd(wavs/beep_train_0140.wav,0.70)","snd(wavs/catch_tone.wav,0.80)",bmp(catch_flash.bmp),long,8.0,0.0,0,140,6.5019,13,0.4877,0.0617,0
141,3,fix(0.3),"fix(0.3,[0 255 0])","snd(wavs/beep_train_0141.wav,0.70)","snd(wavs/catch_tone.wav,0.80)",bmp(catch_flash.bmp),long,8.0,0.0,1,141,7.5386,14,0.526,0.0862,0
142,3,fix(0.3),"fix(0.3,[0 255 0])","snd(wavs/beep_train_0142.wav,0.70)","snd(wavs/catch_tone.wav,0.80)",bmp(catch_flash.bmp),long,8.0,0.75,0,142,7.7691,15,0.5014,0.0241,0
143,3,fix(0.3),"fix(0.3,[0 255 0])","snd(wavs/beep_train_0143.wav,0.70)","snd(wavs/catch_tone.wav,0.80)",bmp(catch_flash.bmp),long,8.0,0.5,0,143,5.0478,10,0.5053,0.0422,0
144,3,fix(0.3),"fix(0.3,[0 255 0])","snd(wavs/beep_train_0144.wav,0.70)","snd(wavs/catch_tone.wav,0.80)",bmp(catch_flash.bmp),long,8.0,0.5,0,144,10.4435,20,0.497,0.0468,0
145,3,fix(0.3),"fix(0.3,[0 255 0])","snd(wavs/beep_train_0145.wav,0.70)","snd(wavs/catch_tone.wav,0.80)",bmp(catch_flash.bmp),long,8.0,0.75,0,145,9.8488,19,0.4944,0.0157,0
146,3,fix(0.3),"fix(0.3,[0 255 0])","snd(wavs/beep_train_0146.wav,0.70)","snd(wavs/catch_tone.wav,0.80)",bmp(catch_flash.bmp),long,8.0,0.0,0,146,7.3675,14,0.5129,0.0872,0
147,3,fix(0.3),"fix(0.3,[0 255 0])","snd(wavs/beep_train_0147.wav,0.70)","snd(wavs/catch_tone.wav,0.80)",bmp(catch_flash.bmp),long,8.0,1.0,0,147,7.75,15,0.5,0.0,0
148,3,fix(0.3),"fix(0.3,[0 255 0])","snd(wavs/beep_train_0148.wav,0.70)","snd(wavs/catch_tone.wav,0.80)",bmp(catch_flash.bmp),long,8.0,0.5,0,148,9.8539,19,0.4947,0.0439,0
149,3,fix(0.3),"fix(0.3,[0 255 0])","snd(wavs/beep_train_0149.wav,0.70)","snd(wavs/catch_tone.wav,0.80)",bmp(catch_flash.bmp),long,8.0,0.25,0,149,7.1239,14,0.4941,0.0721,0
150,3,fix(0.3),"fix(0.3,[0 255 0])","snd(wavs/beep_train_0150.wav,0.70)","snd(wavs/catch_tone.wav,0.80)",bmp(catch_flash.bmp),long,8.0,0.0,0,150,3.1429,7,0.4655,0.0925,0
151,3,fix(0.3),"fix(0.3,[0 255 0])","snd(wavs/beep_train_0151.wav,0.70)","snd(wavs/catch_tone.wav,0.80)",bmp(catch_flash.bmp),long,8.0,1.0,0,151,7.2,14,0.5,0.0,0
152,3,fix(0.3),"fix(0.3,[0 255 0])","snd(wavs/beep_train_0152.wav,0.70)","snd(wavs/catch_tone.wav,0.80)",bmp(catch_flash.bmp),long,8.0,1.0,0,152,8.85,17,0.5,0.0,0
153,3,fix(0.3),"fix(0.3,[0 255 0])","snd(wavs/beep_train_0153.wav,0.70)","snd(wavs/catch_tone.wav,0.80)",bmp(catch_flash.bmp),long,8.0,1.0,0,153,7.2,14,0.5,0.0,0
154,3,fix(0.3),"fix(0.3,[0 255 0])","snd(wavs/beep_train_0154.wav,0.70)","snd(wavs/catch_tone.wav,0.80)",bmp(catch_flash.bmp),long,8.0,1.0,0,154,7.75,15,0.5,0.0,0
155,3,fix(0.3),"fix(0.3,[0 255 0])","snd(wavs/beep_train_0155.wav,0.70)","snd(wavs/catch_tone.wav,0.80)",bmp(catch_flash.bmp),long,8.0,1.0,0,155,5.0,10,0.5,0.0,0
156,3,fix(0.3),"fix(0.3,[0 255 0])","snd(wavs/beep_train_0156.wav,0.70)","snd(wavs/catch_tone.wav,0.80)",bmp(catch_flash.bmp),long,8.0,0.25,1,156,6.0083,12,0.4917,0.0675,0
157,3,fix(0.3),"fix(0.3,[0 255 0])","snd(wavs/beep_train_0157.wav,0.70)","snd(wavs/catch_tone.wav,0.80)",bmp(catch_flash.bmp),long,8.0,1.0,0,157,5.0,10,0.5,0.0,0
158,3,fix(0.3),"fix(0.3,[0 255 0])","snd(wavs/beep_train_0158.wav,0.70)","snd(wavs/catch_tone.wav,0.80)",bmp(catch_flash.bmp),long,8.0,1.0,0,158,7.75,15,0.5,0.0,0
159,3,fix(0.3),"fix(0.3,[0 255 0])","snd(wavs/beep_train_0159.wav,0.70)","snd(wavs/catch_tone.wav,0.80)",bmp(catch_flash.bmp),long,8.0,0.75,1,159,7.8036,15,0.5038,0.0171,0
160,3,fix(0.3),"fix(0.3,[0 255 0])","snd(wavs/beep_train_0160.wav,0.70)","snd(wavs/catch_tone.wav,0.80)",bmp(catch_flash.bmp),long,8.0,0.0,0,160,5.6469,11,0.5097,0.07,0
161,3,fix(0.3),"fix(0.3,[0 255 0])","snd(wavs/beep_train_0161.wav,0.70)","snd(wavs/catch_tone.wav,0.80)",bmp(catch_flash.bmp),long,8.0,0.25,0,161,4.3826,9,0.4916,0.0599,0
162,3,fix(0.3),"fix(0.3,[0 255 0])","snd(wavs/beep_train_0162.wav,0.70)","snd(wavs/catch_tone.wav,0.80)",bmp(catch_flash.bmp),long,8.0,1.0,0,162,3.9,8,0.5,0.0,0
163,3,fix(0.3),"fix(0.3,[0 255 0])","snd(wavs/beep_train_0163.wav,0.70)","snd(wavs/catch_tone.wav,0.80)",bmp(catch_flash.bmp),long,8.0,0.75,0,163,7.2333,14,0.5026,0.0237,0
164,3,fix(0.3),"fix(0.3,[0 255 0])","snd(wavs/beep_train_0164.wav,0.70)","snd(wavs/catch_tone.wav,0.80)",bmp(catch_flash.bmp),long,8.0,0.0,0,164,5.2261,11,0.4676,0.0741,0
165,3,fix(0.3),"fix(0.3,[0 255 0])","snd(wavs/beep_train_0165.wav,0.70)","snd(wavs/catch_tone.wav,0.80)",bmp(catch_flash.bmp),long,8.0,0.5,0,165,9.4146,18,0.5009,0.0396,0
166,3,fix(0.3),"fix(0.3,[0 255 0])","snd(wavs/beep_train_0166.wav,0.70)","snd(wavs/catch_tone.wav,0.80)",bmp(catch_flash.bmp),long,8.0,0.5,0,166,4.9544,10,0.4949,0.0395,0
167,3,fix(0.3),"fix(0.3,[0 255 0])","snd(wavs/beep_train_0167.wav,0.70)","snd(wavs/catch_tone.wav,0.80)",bmp(catch_flash.bmp),long,8.0,0.75,0,167,7.2132,14,0.501,0.0215,0
168,3,fix(0.3),"fix(0.3,[0 255 0])","snd(wavs/beep_train_0168.wav,0.70)","snd(wavs/catch_tone.wav,0.80)",bmp(catch_flash.bmp),long,8.0,0.25,0,168,9.2473,18,0.491,0.0715,0
169,3,fix(0.3),"fix(0.3,[0 255 0])","snd(wavs/beep_train_0169.wav,0.70)","snd(wavs/catch_tone.wav,0.80)",bmp(catch_flash.bmp),long,8.0,0.5,0,169,8.3112,16,0.5007,0.045,0
170,3,fix(0.3),"fix(0.3,[0 255 0])","snd(wavs/beep_train_0170.wav,0.70)","snd(wavs/catch_tone.wav,0.80)",bmp(catch_flash.bmp),long,8.0,0.25,1,170,6.5435,12,0.5403,0.0575,0
171,3,fix(0.3),"fix(0.3,[0 255 0])","snd(wavs/beep_train_0171.wav,0.70)","snd(wavs/catch_tone.wav,0.80)",bmp(catch_flash.bmp),long,8.0,0.5,0,171,5.4785,11,0.4929,0.0325,0
172,3,fix(0.3),"fix(0.3,[0 255 0])","snd(wavs/beep_train_0172.wav,0.70)","snd(wavs/catch_tone.wav,0.80)",bmp(catch_flash.bmp),long,8.0,1.0,0,172,7.2,14,0.5,0.0,0
173,3,fix(0.3),"fix(0.3,[0 255 0])","snd(wavs/beep_train_0173.wav,0.70)","snd(wavs/catch_tone.wav,0.80)",bmp(catch_flash.bmp),long,8.0,0.5,0,173,6.6177,13,0.4973,0.0359,0
174,3,fix(0.3),"fix(0.3,[0 255 0])","snd(wavs/beep_train_0174.wav,0.70)","snd(wavs/catch_tone.wav,0.80)",bmp(catch_flash.bmp),long,8.0,0.25,0,174,3.3458,7,0.4993,0.0171,0
175,3,fix(0.3),"fix(0.3,[0 255 0])","snd(wavs/beep_train_0175.wav,0.70)","snd(wavs/catch_tone.wav,0.80)",bmp(catch_flash.bmp),long,8.0,0.0,0,175,7.3489,14,0.5115,0.0731,0
176,3,fix(0.3),"fix(0.3,[0 255 0])","snd(wavs/beep_train_0176.wav,0.70)","snd(wavs/catch_tone.wav,0.80)",bmp(catch_flash.bmp),long,8.0,0.25,0,176,11.9428,22,0.5163,0.0674,0
177,3,fix(0.3),"fix(0.3,[0 255 0])","snd(wavs/beep_train_0177.wav,0.70)","snd(wavs/catch_tone.wav,0.80)",bmp(catch_flash.bmp),long,8.0,0.0,0,177,5.6515,11,0.5101,0.0871,0
178,3,fix(0.3),"fix(0.3,[0 255 0])","snd(wavs/beep_train_0178.wav,0.70)","snd(wavs/catch_tone.wav,0.80)",bmp(catch_flash.bmp),long,8.0,0.5,0,178,4.2996,9,0.4812,0.0376,0
179,3,fix(0.3),"fix(0.3,[0 255 0])","snd(wavs/beep_train_0179.wav,0.70)","snd(wavs/catch_tone.wav,0.80)",bmp(catch_flash.bmp),long,8.0,0.75,1,179,7.1226,14,0.494,0.0209,0
180,3,fix(0.3),"fix(0.3,[0 255 0])","snd(wavs/beep_train_0180.wav,0.70)","snd(wavs/catch_tone.wav,0.80)",bmp(catch_flash.bmp),long,8.0,0.75,0,180,9.555,18,0.5091,0.022,0
181,3,fix(0.3),"fix(0.3,[0 255 0])","snd(wavs/beep_train_0181.wav,0.70)","snd(wavs/catch_tone.wav,0.80)",bmp(catch_flash.bmp),long,8.0,0.75,0,181,6.0065,12,0.4915,0.0167,0
182,3,fix(0.3),"fix(0.3,[0 255 0])","snd(wavs/beep_train_0182.wav,0.70)","snd(wavs/catch_tone.wav,0.80)",bmp(catch_flash.bmp),long,8.0,0.75,1,182,11.0812,21,0.5016,0.0225,0
183,3,fix(0.3),"fix(0.3,[0 255 0])","snd(wavs/beep_train_0183.wav,0.70)","snd(wavs/catch_tone.wav,0.80)",bmp(catch_flash.bmp),long,8.0,0.25,0,183,8.4167,16,0.5078,0.0687,0
184,3,fix(0.3),"fix(0.3,[0 255 0])","snd(wavs/beep_train_0184.wav,0.70)","snd(wavs/catch_tone.wav,0.80)",bmp(catch_flash.bmp),long,8.0,1.0,0,184,8.85,17,0.5,0.0,0
185,3,fix(0.3),"fix(0.3,[0 255 0])","snd(wavs/beep_train_0185.wav,0.70)","snd(wavs/catch_tone.wav,0.80)",bmp(catch_flash.bmp),long,8.0,0.0,0,185,3.3746,7,0.5041,0.0589,0
